<?xml version="1.0" encoding="utf-8"?>
<System>
  <P Name="Location">[-6, -6, 1287, 687]</P>
  <P Name="SystemRect">[0.000000, 0.000000, 0.000000, 0.000000]</P>
  <P Name="SetExecutionDomain">off</P>
  <P Name="ExecutionDomainType">Deduce</P>
  <P Name="ZoomFactor">102</P>
  <P Name="SimulinkSubDomain">Simulink</P>
  <Block BlockType="Reference" Name="Rigid&#xA;Transform" SID="2">
    <P Name="Ports">[0, 0, 0, 0, 0, 1, 1]</P>
    <P Name="Position">[110, 20, 150, 60]</P>
    <P Name="ZOrder">196</P>
    <P Name="LibraryVersion">7.41</P>
    <P Name="SourceBlock">sm_lib/Frames and
Transforms/Rigid
Transform</P>
    <P Name="SourceType">Rigid
Transform</P>
    <P Name="SourceProductBaseCode">MS</P>
    <InstanceData>
      <P Name="LogSimulationData">off</P>
      <P Name="TranslationMethod">None</P>
      <P Name="TranslationStandardOffset">0</P>
      <P Name="TranslationLengthUnit">m</P>
      <P Name="TranslationStandardOffset_conf">compiletime</P>
      <P Name="TranslationStandardAxis">+Z</P>
      <P Name="TranslationCartesianOffset">[0 0 0]</P>
      <P Name="TranslationCartesianOffset_conf">compiletime</P>
      <P Name="TranslationROffset">0</P>
      <P Name="TranslationROffsetUnits">m</P>
      <P Name="TranslationROffset_conf">compiletime</P>
      <P Name="TranslationZOffset">0</P>
      <P Name="TranslationZOffsetUnits">m</P>
      <P Name="TranslationZOffset_conf">compiletime</P>
      <P Name="TranslationThetaOffset">0</P>
      <P Name="TranslationThetaOffsetUnits">deg</P>
      <P Name="TranslationThetaOffset_conf">compiletime</P>
      <P Name="RotationMethod">RotationSequence</P>
      <P Name="RotationAngleUnits">deg</P>
      <P Name="RotationStandardAxis">+Z</P>
      <P Name="RotationAngle">0.0</P>
      <P Name="RotationAngle_conf">compiletime</P>
      <P Name="RotationArbitraryAxis">[0 0 1]</P>
      <P Name="RotationArbitraryAxis_conf">compiletime</P>
      <P Name="FollAlignAxisA">+X</P>
      <P Name="BaseAlignAxisA">+Y</P>
      <P Name="FollAlignAxisB">+Y</P>
      <P Name="BaseAlignAxisB">+Z</P>
      <P Name="RotationSequenceAxes">FollowerAxes</P>
      <P Name="RotationSequence">XYZ</P>
      <P Name="RotationSequenceAngles">smbData.link_active(1).Left.RigidTransform.angles</P>
      <P Name="RotationSequenceAnglesUnits">rad</P>
      <P Name="RotationSequenceAngles_conf">compiletime</P>
      <P Name="RotationMatrix">[1 0 0; 0 1 0; 0 0 1]</P>
      <P Name="RotationMatrix_conf">compiletime</P>
    </InstanceData>
  </Block>
  <Block BlockType="Reference" Name="Rigid&#xA;Transform5" SID="3">
    <P Name="Ports">[0, 0, 0, 0, 0, 1, 1]</P>
    <P Name="Position">[250, 20, 290, 60]</P>
    <P Name="ZOrder">193</P>
    <P Name="LibraryVersion">7.41</P>
    <P Name="SourceBlock">sm_lib/Frames and
Transforms/Rigid
Transform</P>
    <P Name="SourceType">Rigid
Transform</P>
    <P Name="SourceProductBaseCode">MS</P>
    <InstanceData>
      <P Name="LogSimulationData">off</P>
      <P Name="TranslationMethod">Cartesian</P>
      <P Name="TranslationStandardOffset">0</P>
      <P Name="TranslationLengthUnit">mm</P>
      <P Name="TranslationStandardOffset_conf">compiletime</P>
      <P Name="TranslationStandardAxis">+Z</P>
      <P Name="TranslationCartesianOffset">smbData.link_active(1).Right.RigidTransform.translation</P>
      <P Name="TranslationCartesianOffset_conf">compiletime</P>
      <P Name="TranslationROffset">0</P>
      <P Name="TranslationROffsetUnits">m</P>
      <P Name="TranslationROffset_conf">compiletime</P>
      <P Name="TranslationZOffset">0</P>
      <P Name="TranslationZOffsetUnits">m</P>
      <P Name="TranslationZOffset_conf">compiletime</P>
      <P Name="TranslationThetaOffset">0</P>
      <P Name="TranslationThetaOffsetUnits">deg</P>
      <P Name="TranslationThetaOffset_conf">compiletime</P>
      <P Name="RotationMethod">RotationSequence</P>
      <P Name="RotationAngleUnits">deg</P>
      <P Name="RotationStandardAxis">+X</P>
      <P Name="RotationAngle">90.0</P>
      <P Name="RotationAngle_conf">compiletime</P>
      <P Name="RotationArbitraryAxis">[0 0 1]</P>
      <P Name="RotationArbitraryAxis_conf">compiletime</P>
      <P Name="FollAlignAxisA">+X</P>
      <P Name="BaseAlignAxisA">+Y</P>
      <P Name="FollAlignAxisB">+Y</P>
      <P Name="BaseAlignAxisB">+Z</P>
      <P Name="RotationSequenceAxes">FollowerAxes</P>
      <P Name="RotationSequence">XYZ</P>
      <P Name="RotationSequenceAngles">smbData.link_active(1).Right.RigidTransform.angles</P>
      <P Name="RotationSequenceAnglesUnits">rad</P>
      <P Name="RotationSequenceAngles_conf">compiletime</P>
      <P Name="RotationMatrix">[1 0 0; 0 1 0; 0 0 1]</P>
      <P Name="RotationMatrix_conf">compiletime</P>
    </InstanceData>
  </Block>
  <Block BlockType="Reference" Name="link_active_servomotion" SID="4">
    <P Name="Ports">[0, 0, 0, 0, 0, 0, 1]</P>
    <P Name="Position">[180, 135, 220, 175]</P>
    <P Name="ZOrder">183</P>
    <P Name="BlockRotation">270</P>
    <P Name="NameLocation">right</P>
    <P Name="LibraryVersion">7.41</P>
    <P Name="SourceBlock">sm_lib/Body Elements/File Solid</P>
    <P Name="SourceType">File Solid</P>
    <P Name="SourceProductBaseCode">MS</P>
    <InstanceData>
      <P Name="LogSimulationData">off</P>
      <P Name="ExtGeomFileName">meshes\link_active_servomotion.STEP</P>
      <P Name="UnitType">FromFile</P>
      <P Name="ExtGeomFileUnits">m</P>
      <P Name="StepReaderType">HEX</P>
      <P Name="ExportConvexHullGeometry">off</P>
      <P Name="InertiaType">Custom</P>
      <P Name="Mass">smiData.link_active_servomotion.mass</P>
      <P Name="MassUnits">kg</P>
      <P Name="Mass_conf">compiletime</P>
      <P Name="CenterOfMass">smiData.link_active_servomotion.CoM</P>
      <P Name="CenterOfMassUnits">m</P>
      <P Name="CenterOfMass_conf">compiletime</P>
      <P Name="MomentsOfInertia">smiData.link_active_servomotion.MoI</P>
      <P Name="MomentsOfInertiaUnits">kg*m^2</P>
      <P Name="MomentsOfInertia_conf">compiletime</P>
      <P Name="ProductsOfInertia">smiData.link_active_servomotion.PoI</P>
      <P Name="ProductsOfInertiaUnits">kg*m^2</P>
      <P Name="ProductsOfInertia_conf">compiletime</P>
      <P Name="BasedOnType">Density</P>
      <P Name="Density">1000</P>
      <P Name="DensityUnits">kg/m^3</P>
      <P Name="Density_conf">compiletime</P>
      <P Name="DoExposeReferenceFrame">on</P>
      <P Name="SerializedFrames">&lt;Frames/&gt;</P>
      <P Name="GraphicType">FromGeometry</P>
      <P Name="MarkerShape">Sphere</P>
      <P Name="MarkerSize">10</P>
      <P Name="MarkerSize_conf">compiletime</P>
      <P Name="GraphicVisPropType">SimpleVisualProperties</P>
      <P Name="GraphicDiffuseColor">smiData.link_active_servomotion.color</P>
      <P Name="GraphicDiffuseColor_conf">compiletime</P>
      <P Name="GraphicSpecularColor">[0.5 0.5 0.5 1.0]</P>
      <P Name="GraphicSpecularColor_conf">compiletime</P>
      <P Name="GraphicAmbientColor">[0.15 0.15 0.15 1.0]</P>
      <P Name="GraphicAmbientColor_conf">compiletime</P>
      <P Name="GraphicEmissiveColor">[0.0 0.0 0.0 1.0]</P>
      <P Name="GraphicEmissiveColor_conf">compiletime</P>
      <P Name="GraphicShininess">75</P>
      <P Name="GraphicShininess_conf">compiletime</P>
      <P Name="GraphicOpacity">smiData.link_active_servomotion.opacity</P>
      <P Name="GraphicOpacity_conf">compiletime</P>
    </InstanceData>
  </Block>
  <Block BlockType="PMIOPort" Name="Conn1" SID="5">
    <P Name="Position">[20, 33, 50, 47]</P>
    <P Name="ZOrder">194</P>
    <P Name="Side">Left</P>
  </Block>
  <Block BlockType="PMIOPort" Name="Conn2" SID="6">
    <P Name="Position">[435, 33, 465, 47]</P>
    <P Name="ZOrder">195</P>
    <P Name="BlockMirror">on</P>
    <P Name="Port">2</P>
    <P Name="Side">Right</P>
  </Block>
  <Line LineType="Connection">
    <P Name="ZOrder">1</P>
    <P Name="Src">3#lconn:1</P>
    <P Name="Points">[-34, 0]</P>
    <Branch ConnectType="DEST_DEST">
      <P Name="Src">2#rconn:1</P>
      <P Name="Points">[36, 0]</P>
    </Branch>
    <Branch ConnectType="DEST_SRC">
      <P Name="Dst">4#rconn:1</P>
    </Branch>
  </Line>
  <Line LineType="Connection">
    <P Name="ZOrder">4</P>
    <P Name="Src">2#lconn:1</P>
    <P Name="Dst">5#rconn:1</P>
  </Line>
  <Line LineType="Connection">
    <P Name="ZOrder">5</P>
    <P Name="Src">6#rconn:1</P>
    <P Name="Dst">3#rconn:1</P>
  </Line>
</System>
