<?xml version="1.0" encoding="utf-8"?>
<System>
  <P Name="Location">[-6, -6, 1287, 687]</P>
  <P Name="SystemRect">[0.000000, 0.000000, 0.000000, 0.000000]</P>
  <P Name="Open">on</P>
  <P Name="SetExecutionDomain">off</P>
  <P Name="ExecutionDomainType">Deduce</P>
  <P Name="ZoomFactor">30</P>
  <P Name="SimulinkSubDomain">Simulink</P>
  <Block BlockType="Inport" Name="In1" SID="373">
    <P Name="Position">[575, 1498, 605, 1512]</P>
    <P Name="ZOrder">504</P>
  </Block>
  <Block BlockType="SubSystem" Name="Active Link1" SID="1">
    <P Name="Ports">[0, 0, 0, 0, 0, 1, 1]</P>
    <P Name="Position">[1185, 255, 1320, 455]</P>
    <P Name="ZOrder">453</P>
    <P Name="RequestExecContextInheritance">off</P>
    <P Name="ContentPreviewEnabled">on</P>
    <Mask>
      <Display>image(&apos;icons\solid_chain_active.png&apos;); % Use &quot;Edit Image&quot; on toolstrip to change.</Display>
    </Mask>
    <System Ref="system_1"/>
  </Block>
  <Block BlockType="SubSystem" Name="Active Link2" SID="7">
    <P Name="Ports">[0, 0, 0, 0, 0, 1, 1]</P>
    <P Name="Position">[1180, 565, 1325, 625]</P>
    <P Name="ZOrder">462</P>
    <P Name="RequestExecContextInheritance">off</P>
    <P Name="ContentPreviewEnabled">on</P>
    <System Ref="system_7"/>
  </Block>
  <Block BlockType="SubSystem" Name="Active Link3" SID="13">
    <P Name="Ports">[0, 0, 0, 0, 0, 1, 1]</P>
    <P Name="Position">[1180, 725, 1325, 785]</P>
    <P Name="ZOrder">470</P>
    <P Name="RequestExecContextInheritance">off</P>
    <P Name="ContentPreviewEnabled">on</P>
    <System Ref="system_13"/>
  </Block>
  <Block BlockType="SubSystem" Name="Active Link4" SID="19">
    <P Name="Ports">[0, 0, 0, 0, 0, 1, 1]</P>
    <P Name="Position">[1180, 885, 1325, 945]</P>
    <P Name="ZOrder">478</P>
    <P Name="RequestExecContextInheritance">off</P>
    <P Name="ContentPreviewEnabled">on</P>
    <System Ref="system_19"/>
  </Block>
  <Block BlockType="SubSystem" Name="Active Link5" SID="25">
    <P Name="Ports">[0, 0, 0, 0, 0, 1, 1]</P>
    <P Name="Position">[1180, 1045, 1325, 1105]</P>
    <P Name="ZOrder">486</P>
    <P Name="RequestExecContextInheritance">off</P>
    <P Name="ContentPreviewEnabled">on</P>
    <System Ref="system_25"/>
  </Block>
  <Block BlockType="SubSystem" Name="Active Link6" SID="31">
    <P Name="Ports">[0, 0, 0, 0, 0, 1, 1]</P>
    <P Name="Position">[1180, 1205, 1325, 1265]</P>
    <P Name="ZOrder">494</P>
    <P Name="RequestExecContextInheritance">off</P>
    <P Name="ContentPreviewEnabled">on</P>
    <System Ref="system_31"/>
  </Block>
  <Block BlockType="SubSystem" Name="Base" SID="37">
    <P Name="Ports">[0, 0, 0, 0, 0, 0, 1]</P>
    <P Name="Position">[290, 300, 490, 1230]</P>
    <P Name="ZOrder">457</P>
    <P Name="RequestExecContextInheritance">off</P>
    <P Name="ContentPreviewEnabled">on</P>
    <Mask>
      <Display>image(&apos;C:\DEV\stuartplatform\icons\solid_base.png&apos;); % Use &quot;Edit Image&quot; on toolstrip to change.</Display>
    </Mask>
    <System Ref="system_37"/>
  </Block>
  <Block BlockType="Demux" Name="Demux" SID="56">
    <P Name="Ports">[1, 6]</P>
    <P Name="Position">[690, 1444, 730, 1566]</P>
    <P Name="ZOrder">503</P>
    <P Name="ShowName">off</P>
    <P Name="Outputs">6</P>
  </Block>
  <Block BlockType="SubSystem" Name="Passive Link1" SID="65">
    <P Name="Ports">[0, 0, 0, 0, 0, 1, 1]</P>
    <P Name="Position">[1590, 247, 1735, 463]</P>
    <P Name="ZOrder">460</P>
    <P Name="RequestExecContextInheritance">off</P>
    <P Name="ContentPreviewEnabled">on</P>
    <Mask>
      <Display>image(&apos;icons\solid_chain_passive.png&apos;); % Use &quot;Edit Image&quot; on toolstrip to change.</Display>
    </Mask>
    <System Ref="system_65"/>
  </Block>
  <Block BlockType="SubSystem" Name="Passive Link2" SID="72">
    <P Name="Ports">[0, 0, 0, 0, 0, 1, 1]</P>
    <P Name="Position">[1650, 564, 1745, 626]</P>
    <P Name="ZOrder">468</P>
    <P Name="RequestExecContextInheritance">off</P>
    <P Name="ContentPreviewEnabled">on</P>
    <System Ref="system_72"/>
  </Block>
  <Block BlockType="SubSystem" Name="Passive Link3" SID="79">
    <P Name="Ports">[0, 0, 0, 0, 0, 1, 1]</P>
    <P Name="Position">[1650, 724, 1745, 786]</P>
    <P Name="ZOrder">476</P>
    <P Name="RequestExecContextInheritance">off</P>
    <P Name="ContentPreviewEnabled">on</P>
    <System Ref="system_79"/>
  </Block>
  <Block BlockType="SubSystem" Name="Passive Link4" SID="86">
    <P Name="Ports">[0, 0, 0, 0, 0, 1, 1]</P>
    <P Name="Position">[1640, 884, 1735, 946]</P>
    <P Name="ZOrder">484</P>
    <P Name="RequestExecContextInheritance">off</P>
    <P Name="ContentPreviewEnabled">on</P>
    <System Ref="system_86"/>
  </Block>
  <Block BlockType="SubSystem" Name="Passive Link5" SID="93">
    <P Name="Ports">[0, 0, 0, 0, 0, 1, 1]</P>
    <P Name="Position">[1650, 1044, 1745, 1106]</P>
    <P Name="ZOrder">492</P>
    <P Name="RequestExecContextInheritance">off</P>
    <P Name="ContentPreviewEnabled">on</P>
    <System Ref="system_93"/>
  </Block>
  <Block BlockType="SubSystem" Name="Passive Link6" SID="100">
    <P Name="Ports">[0, 0, 0, 0, 0, 1, 1]</P>
    <P Name="Position">[1650, 1204, 1745, 1266]</P>
    <P Name="ZOrder">500</P>
    <P Name="RequestExecContextInheritance">off</P>
    <P Name="ContentPreviewEnabled">on</P>
    <System Ref="system_100"/>
  </Block>
  <Block BlockType="Reference" Name="Revolute Joint1" SID="107">
    <P Name="Ports">[0, 0, 0, 0, 0, 2, 1]</P>
    <P Name="Position">[1095, 335, 1135, 375]</P>
    <P Name="ZOrder">452</P>
    <P Name="LibraryVersion">7.41</P>
    <P Name="SourceBlock">sm_lib/Joints/Revolute Joint</P>
    <P Name="SourceType">Revolute Joint</P>
    <P Name="SourceProductBaseCode">MS</P>
    <InstanceData>
      <P Name="LogSimulationData">off</P>
      <P Name="JointMode">Normal</P>
      <P Name="SenseConstraintForce">off</P>
      <P Name="SenseConstraintForceX">off</P>
      <P Name="SenseConstraintForceY">off</P>
      <P Name="SenseConstraintForceZ">off</P>
      <P Name="SenseConstraintTorque">off</P>
      <P Name="SenseConstraintTorqueX">off</P>
      <P Name="SenseConstraintTorqueY">off</P>
      <P Name="SenseConstraintTorqueZ">off</P>
      <P Name="SenseTotalForce">off</P>
      <P Name="SenseTotalForceX">off</P>
      <P Name="SenseTotalForceY">off</P>
      <P Name="SenseTotalForceZ">off</P>
      <P Name="SenseTotalTorque">off</P>
      <P Name="SenseTotalTorqueX">off</P>
      <P Name="SenseTotalTorqueY">off</P>
      <P Name="SenseTotalTorqueZ">off</P>
      <P Name="CompositeWrenchDir">FollowerOnBase</P>
      <P Name="CompositeWrenchFrame">BaseFrame</P>
      <P Name="EquilibriumPosition">0</P>
      <P Name="EquilibriumPositionUnits">rad</P>
      <P Name="EquilibriumPosition_conf">compiletime</P>
      <P Name="SpringStiffness">0</P>
      <P Name="SpringStiffnessUnits">N*m/deg</P>
      <P Name="SpringStiffness_conf">compiletime</P>
      <P Name="DampingCoefficient">0</P>
      <P Name="DampingCoefficientUnits">N*m/(deg/s)</P>
      <P Name="DampingCoefficient_conf">compiletime</P>
      <P Name="TorqueActuationMode">ComputedTorque</P>
      <P Name="MotionActuationMode">InputMotion</P>
      <P Name="SensePosition">off</P>
      <P Name="SenseVelocity">off</P>
      <P Name="SenseAcceleration">off</P>
      <P Name="SenseTorqueForce">off</P>
      <P Name="SenseLowerLimitTorqueForce">off</P>
      <P Name="SenseUpperLimitTorqueForce">off</P>
      <P Name="LowerLimitSpecify">off</P>
      <P Name="LowerLimitBound">-90</P>
      <P Name="LowerLimitBoundUnits">deg</P>
      <P Name="LowerLimitBound_conf">compiletime</P>
      <P Name="LowerLimitStiffness">1e4</P>
      <P Name="LowerLimitStiffnessUnits">N*m/deg</P>
      <P Name="LowerLimitStiffness_conf">compiletime</P>
      <P Name="LowerLimitDamping">10</P>
      <P Name="LowerLimitDampingUnits">N*m/(deg/s)</P>
      <P Name="LowerLimitDamping_conf">compiletime</P>
      <P Name="LowerLimitTransitionRegionWidth">0.1</P>
      <P Name="LowerLimitTransitionRegionWidthUnits">deg</P>
      <P Name="LowerLimitTransitionRegionWidth_conf">compiletime</P>
      <P Name="UpperLimitSpecify">off</P>
      <P Name="UpperLimitBound">90</P>
      <P Name="UpperLimitBoundUnits">deg</P>
      <P Name="UpperLimitBound_conf">compiletime</P>
      <P Name="UpperLimitStiffness">1e4</P>
      <P Name="UpperLimitStiffnessUnits">N*m/deg</P>
      <P Name="UpperLimitStiffness_conf">compiletime</P>
      <P Name="UpperLimitDamping">10</P>
      <P Name="UpperLimitDampingUnits">N*m/(deg/s)</P>
      <P Name="UpperLimitDamping_conf">compiletime</P>
      <P Name="UpperLimitTransitionRegionWidth">0.1</P>
      <P Name="UpperLimitTransitionRegionWidthUnits">deg</P>
      <P Name="UpperLimitTransitionRegionWidth_conf">compiletime</P>
      <P Name="PositionTargetSpecify">on</P>
      <P Name="PositionTargetPriority">High</P>
      <P Name="PositionTargetValue">0</P>
      <P Name="PositionTargetValueUnits">rad</P>
      <P Name="PositionTargetValue_conf">compiletime</P>
      <P Name="VelocityTargetSpecify">off</P>
      <P Name="VelocityTargetPriority">High</P>
      <P Name="VelocityTargetValue">1</P>
      <P Name="VelocityTargetValueUnits">rad/s</P>
      <P Name="VelocityTargetValue_conf">compiletime</P>
    </InstanceData>
  </Block>
  <Block BlockType="Reference" Name="Revolute Joint2" SID="108">
    <P Name="Ports">[0, 0, 0, 0, 0, 2, 1]</P>
    <P Name="Position">[1095, 575, 1135, 615]</P>
    <P Name="ZOrder">461</P>
    <P Name="LibraryVersion">7.41</P>
    <P Name="SourceBlock">sm_lib/Joints/Revolute Joint</P>
    <P Name="SourceType">Revolute Joint</P>
    <P Name="SourceProductBaseCode">MS</P>
    <InstanceData>
      <P Name="LogSimulationData">off</P>
      <P Name="JointMode">Normal</P>
      <P Name="SenseConstraintForce">off</P>
      <P Name="SenseConstraintForceX">off</P>
      <P Name="SenseConstraintForceY">off</P>
      <P Name="SenseConstraintForceZ">off</P>
      <P Name="SenseConstraintTorque">off</P>
      <P Name="SenseConstraintTorqueX">off</P>
      <P Name="SenseConstraintTorqueY">off</P>
      <P Name="SenseConstraintTorqueZ">off</P>
      <P Name="SenseTotalForce">off</P>
      <P Name="SenseTotalForceX">off</P>
      <P Name="SenseTotalForceY">off</P>
      <P Name="SenseTotalForceZ">off</P>
      <P Name="SenseTotalTorque">off</P>
      <P Name="SenseTotalTorqueX">off</P>
      <P Name="SenseTotalTorqueY">off</P>
      <P Name="SenseTotalTorqueZ">off</P>
      <P Name="CompositeWrenchDir">FollowerOnBase</P>
      <P Name="CompositeWrenchFrame">BaseFrame</P>
      <P Name="EquilibriumPosition">0</P>
      <P Name="EquilibriumPositionUnits">rad</P>
      <P Name="EquilibriumPosition_conf">compiletime</P>
      <P Name="SpringStiffness">0</P>
      <P Name="SpringStiffnessUnits">N*m/deg</P>
      <P Name="SpringStiffness_conf">compiletime</P>
      <P Name="DampingCoefficient">0</P>
      <P Name="DampingCoefficientUnits">N*m/(deg/s)</P>
      <P Name="DampingCoefficient_conf">compiletime</P>
      <P Name="TorqueActuationMode">ComputedTorque</P>
      <P Name="MotionActuationMode">InputMotion</P>
      <P Name="SensePosition">off</P>
      <P Name="SenseVelocity">off</P>
      <P Name="SenseAcceleration">off</P>
      <P Name="SenseTorqueForce">off</P>
      <P Name="SenseLowerLimitTorqueForce">off</P>
      <P Name="SenseUpperLimitTorqueForce">off</P>
      <P Name="LowerLimitSpecify">off</P>
      <P Name="LowerLimitBound">-90</P>
      <P Name="LowerLimitBoundUnits">deg</P>
      <P Name="LowerLimitBound_conf">compiletime</P>
      <P Name="LowerLimitStiffness">1e4</P>
      <P Name="LowerLimitStiffnessUnits">N*m/deg</P>
      <P Name="LowerLimitStiffness_conf">compiletime</P>
      <P Name="LowerLimitDamping">10</P>
      <P Name="LowerLimitDampingUnits">N*m/(deg/s)</P>
      <P Name="LowerLimitDamping_conf">compiletime</P>
      <P Name="LowerLimitTransitionRegionWidth">0.1</P>
      <P Name="LowerLimitTransitionRegionWidthUnits">deg</P>
      <P Name="LowerLimitTransitionRegionWidth_conf">compiletime</P>
      <P Name="UpperLimitSpecify">off</P>
      <P Name="UpperLimitBound">90</P>
      <P Name="UpperLimitBoundUnits">deg</P>
      <P Name="UpperLimitBound_conf">compiletime</P>
      <P Name="UpperLimitStiffness">1e4</P>
      <P Name="UpperLimitStiffnessUnits">N*m/deg</P>
      <P Name="UpperLimitStiffness_conf">compiletime</P>
      <P Name="UpperLimitDamping">10</P>
      <P Name="UpperLimitDampingUnits">N*m/(deg/s)</P>
      <P Name="UpperLimitDamping_conf">compiletime</P>
      <P Name="UpperLimitTransitionRegionWidth">0.1</P>
      <P Name="UpperLimitTransitionRegionWidthUnits">deg</P>
      <P Name="UpperLimitTransitionRegionWidth_conf">compiletime</P>
      <P Name="PositionTargetSpecify">on</P>
      <P Name="PositionTargetPriority">High</P>
      <P Name="PositionTargetValue">0</P>
      <P Name="PositionTargetValueUnits">rad</P>
      <P Name="PositionTargetValue_conf">compiletime</P>
      <P Name="VelocityTargetSpecify">off</P>
      <P Name="VelocityTargetPriority">High</P>
      <P Name="VelocityTargetValue">1</P>
      <P Name="VelocityTargetValueUnits">rad/s</P>
      <P Name="VelocityTargetValue_conf">compiletime</P>
    </InstanceData>
  </Block>
  <Block BlockType="Reference" Name="Revolute Joint3" SID="109">
    <P Name="Ports">[0, 0, 0, 0, 0, 2, 1]</P>
    <P Name="Position">[1095, 735, 1135, 775]</P>
    <P Name="ZOrder">469</P>
    <P Name="LibraryVersion">7.41</P>
    <P Name="SourceBlock">sm_lib/Joints/Revolute Joint</P>
    <P Name="SourceType">Revolute Joint</P>
    <P Name="SourceProductBaseCode">MS</P>
    <InstanceData>
      <P Name="LogSimulationData">off</P>
      <P Name="JointMode">Normal</P>
      <P Name="SenseConstraintForce">off</P>
      <P Name="SenseConstraintForceX">off</P>
      <P Name="SenseConstraintForceY">off</P>
      <P Name="SenseConstraintForceZ">off</P>
      <P Name="SenseConstraintTorque">off</P>
      <P Name="SenseConstraintTorqueX">off</P>
      <P Name="SenseConstraintTorqueY">off</P>
      <P Name="SenseConstraintTorqueZ">off</P>
      <P Name="SenseTotalForce">off</P>
      <P Name="SenseTotalForceX">off</P>
      <P Name="SenseTotalForceY">off</P>
      <P Name="SenseTotalForceZ">off</P>
      <P Name="SenseTotalTorque">off</P>
      <P Name="SenseTotalTorqueX">off</P>
      <P Name="SenseTotalTorqueY">off</P>
      <P Name="SenseTotalTorqueZ">off</P>
      <P Name="CompositeWrenchDir">FollowerOnBase</P>
      <P Name="CompositeWrenchFrame">BaseFrame</P>
      <P Name="EquilibriumPosition">0</P>
      <P Name="EquilibriumPositionUnits">rad</P>
      <P Name="EquilibriumPosition_conf">compiletime</P>
      <P Name="SpringStiffness">0</P>
      <P Name="SpringStiffnessUnits">N*m/deg</P>
      <P Name="SpringStiffness_conf">compiletime</P>
      <P Name="DampingCoefficient">0</P>
      <P Name="DampingCoefficientUnits">N*m/(deg/s)</P>
      <P Name="DampingCoefficient_conf">compiletime</P>
      <P Name="TorqueActuationMode">ComputedTorque</P>
      <P Name="MotionActuationMode">InputMotion</P>
      <P Name="SensePosition">off</P>
      <P Name="SenseVelocity">off</P>
      <P Name="SenseAcceleration">off</P>
      <P Name="SenseTorqueForce">off</P>
      <P Name="SenseLowerLimitTorqueForce">off</P>
      <P Name="SenseUpperLimitTorqueForce">off</P>
      <P Name="LowerLimitSpecify">off</P>
      <P Name="LowerLimitBound">-90</P>
      <P Name="LowerLimitBoundUnits">deg</P>
      <P Name="LowerLimitBound_conf">compiletime</P>
      <P Name="LowerLimitStiffness">1e4</P>
      <P Name="LowerLimitStiffnessUnits">N*m/deg</P>
      <P Name="LowerLimitStiffness_conf">compiletime</P>
      <P Name="LowerLimitDamping">10</P>
      <P Name="LowerLimitDampingUnits">N*m/(deg/s)</P>
      <P Name="LowerLimitDamping_conf">compiletime</P>
      <P Name="LowerLimitTransitionRegionWidth">0.1</P>
      <P Name="LowerLimitTransitionRegionWidthUnits">deg</P>
      <P Name="LowerLimitTransitionRegionWidth_conf">compiletime</P>
      <P Name="UpperLimitSpecify">off</P>
      <P Name="UpperLimitBound">90</P>
      <P Name="UpperLimitBoundUnits">deg</P>
      <P Name="UpperLimitBound_conf">compiletime</P>
      <P Name="UpperLimitStiffness">1e4</P>
      <P Name="UpperLimitStiffnessUnits">N*m/deg</P>
      <P Name="UpperLimitStiffness_conf">compiletime</P>
      <P Name="UpperLimitDamping">10</P>
      <P Name="UpperLimitDampingUnits">N*m/(deg/s)</P>
      <P Name="UpperLimitDamping_conf">compiletime</P>
      <P Name="UpperLimitTransitionRegionWidth">0.1</P>
      <P Name="UpperLimitTransitionRegionWidthUnits">deg</P>
      <P Name="UpperLimitTransitionRegionWidth_conf">compiletime</P>
      <P Name="PositionTargetSpecify">on</P>
      <P Name="PositionTargetPriority">High</P>
      <P Name="PositionTargetValue">0</P>
      <P Name="PositionTargetValueUnits">rad</P>
      <P Name="PositionTargetValue_conf">compiletime</P>
      <P Name="VelocityTargetSpecify">off</P>
      <P Name="VelocityTargetPriority">High</P>
      <P Name="VelocityTargetValue">1</P>
      <P Name="VelocityTargetValueUnits">rad/s</P>
      <P Name="VelocityTargetValue_conf">compiletime</P>
    </InstanceData>
  </Block>
  <Block BlockType="Reference" Name="Revolute Joint4" SID="110">
    <P Name="Ports">[0, 0, 0, 0, 0, 2, 1]</P>
    <P Name="Position">[1085, 895, 1125, 935]</P>
    <P Name="ZOrder">477</P>
    <P Name="LibraryVersion">7.41</P>
    <P Name="SourceBlock">sm_lib/Joints/Revolute Joint</P>
    <P Name="SourceType">Revolute Joint</P>
    <P Name="SourceProductBaseCode">MS</P>
    <InstanceData>
      <P Name="LogSimulationData">off</P>
      <P Name="JointMode">Normal</P>
      <P Name="SenseConstraintForce">off</P>
      <P Name="SenseConstraintForceX">off</P>
      <P Name="SenseConstraintForceY">off</P>
      <P Name="SenseConstraintForceZ">off</P>
      <P Name="SenseConstraintTorque">off</P>
      <P Name="SenseConstraintTorqueX">off</P>
      <P Name="SenseConstraintTorqueY">off</P>
      <P Name="SenseConstraintTorqueZ">off</P>
      <P Name="SenseTotalForce">off</P>
      <P Name="SenseTotalForceX">off</P>
      <P Name="SenseTotalForceY">off</P>
      <P Name="SenseTotalForceZ">off</P>
      <P Name="SenseTotalTorque">off</P>
      <P Name="SenseTotalTorqueX">off</P>
      <P Name="SenseTotalTorqueY">off</P>
      <P Name="SenseTotalTorqueZ">off</P>
      <P Name="CompositeWrenchDir">FollowerOnBase</P>
      <P Name="CompositeWrenchFrame">BaseFrame</P>
      <P Name="EquilibriumPosition">0</P>
      <P Name="EquilibriumPositionUnits">rad</P>
      <P Name="EquilibriumPosition_conf">compiletime</P>
      <P Name="SpringStiffness">0</P>
      <P Name="SpringStiffnessUnits">N*m/deg</P>
      <P Name="SpringStiffness_conf">compiletime</P>
      <P Name="DampingCoefficient">0</P>
      <P Name="DampingCoefficientUnits">N*m/(deg/s)</P>
      <P Name="DampingCoefficient_conf">compiletime</P>
      <P Name="TorqueActuationMode">ComputedTorque</P>
      <P Name="MotionActuationMode">InputMotion</P>
      <P Name="SensePosition">off</P>
      <P Name="SenseVelocity">off</P>
      <P Name="SenseAcceleration">off</P>
      <P Name="SenseTorqueForce">off</P>
      <P Name="SenseLowerLimitTorqueForce">off</P>
      <P Name="SenseUpperLimitTorqueForce">off</P>
      <P Name="LowerLimitSpecify">off</P>
      <P Name="LowerLimitBound">-90</P>
      <P Name="LowerLimitBoundUnits">deg</P>
      <P Name="LowerLimitBound_conf">compiletime</P>
      <P Name="LowerLimitStiffness">1e4</P>
      <P Name="LowerLimitStiffnessUnits">N*m/deg</P>
      <P Name="LowerLimitStiffness_conf">compiletime</P>
      <P Name="LowerLimitDamping">10</P>
      <P Name="LowerLimitDampingUnits">N*m/(deg/s)</P>
      <P Name="LowerLimitDamping_conf">compiletime</P>
      <P Name="LowerLimitTransitionRegionWidth">0.1</P>
      <P Name="LowerLimitTransitionRegionWidthUnits">deg</P>
      <P Name="LowerLimitTransitionRegionWidth_conf">compiletime</P>
      <P Name="UpperLimitSpecify">off</P>
      <P Name="UpperLimitBound">90</P>
      <P Name="UpperLimitBoundUnits">deg</P>
      <P Name="UpperLimitBound_conf">compiletime</P>
      <P Name="UpperLimitStiffness">1e4</P>
      <P Name="UpperLimitStiffnessUnits">N*m/deg</P>
      <P Name="UpperLimitStiffness_conf">compiletime</P>
      <P Name="UpperLimitDamping">10</P>
      <P Name="UpperLimitDampingUnits">N*m/(deg/s)</P>
      <P Name="UpperLimitDamping_conf">compiletime</P>
      <P Name="UpperLimitTransitionRegionWidth">0.1</P>
      <P Name="UpperLimitTransitionRegionWidthUnits">deg</P>
      <P Name="UpperLimitTransitionRegionWidth_conf">compiletime</P>
      <P Name="PositionTargetSpecify">on</P>
      <P Name="PositionTargetPriority">High</P>
      <P Name="PositionTargetValue">0</P>
      <P Name="PositionTargetValueUnits">rad</P>
      <P Name="PositionTargetValue_conf">compiletime</P>
      <P Name="VelocityTargetSpecify">off</P>
      <P Name="VelocityTargetPriority">High</P>
      <P Name="VelocityTargetValue">1</P>
      <P Name="VelocityTargetValueUnits">rad/s</P>
      <P Name="VelocityTargetValue_conf">compiletime</P>
    </InstanceData>
  </Block>
  <Block BlockType="Reference" Name="Revolute Joint5" SID="111">
    <P Name="Ports">[0, 0, 0, 0, 0, 2, 1]</P>
    <P Name="Position">[1095, 1055, 1135, 1095]</P>
    <P Name="ZOrder">485</P>
    <P Name="LibraryVersion">7.41</P>
    <P Name="SourceBlock">sm_lib/Joints/Revolute Joint</P>
    <P Name="SourceType">Revolute Joint</P>
    <P Name="SourceProductBaseCode">MS</P>
    <InstanceData>
      <P Name="LogSimulationData">off</P>
      <P Name="JointMode">Normal</P>
      <P Name="SenseConstraintForce">off</P>
      <P Name="SenseConstraintForceX">off</P>
      <P Name="SenseConstraintForceY">off</P>
      <P Name="SenseConstraintForceZ">off</P>
      <P Name="SenseConstraintTorque">off</P>
      <P Name="SenseConstraintTorqueX">off</P>
      <P Name="SenseConstraintTorqueY">off</P>
      <P Name="SenseConstraintTorqueZ">off</P>
      <P Name="SenseTotalForce">off</P>
      <P Name="SenseTotalForceX">off</P>
      <P Name="SenseTotalForceY">off</P>
      <P Name="SenseTotalForceZ">off</P>
      <P Name="SenseTotalTorque">off</P>
      <P Name="SenseTotalTorqueX">off</P>
      <P Name="SenseTotalTorqueY">off</P>
      <P Name="SenseTotalTorqueZ">off</P>
      <P Name="CompositeWrenchDir">FollowerOnBase</P>
      <P Name="CompositeWrenchFrame">BaseFrame</P>
      <P Name="EquilibriumPosition">0</P>
      <P Name="EquilibriumPositionUnits">rad</P>
      <P Name="EquilibriumPosition_conf">compiletime</P>
      <P Name="SpringStiffness">0</P>
      <P Name="SpringStiffnessUnits">N*m/deg</P>
      <P Name="SpringStiffness_conf">compiletime</P>
      <P Name="DampingCoefficient">0</P>
      <P Name="DampingCoefficientUnits">N*m/(deg/s)</P>
      <P Name="DampingCoefficient_conf">compiletime</P>
      <P Name="TorqueActuationMode">ComputedTorque</P>
      <P Name="MotionActuationMode">InputMotion</P>
      <P Name="SensePosition">off</P>
      <P Name="SenseVelocity">off</P>
      <P Name="SenseAcceleration">off</P>
      <P Name="SenseTorqueForce">off</P>
      <P Name="SenseLowerLimitTorqueForce">off</P>
      <P Name="SenseUpperLimitTorqueForce">off</P>
      <P Name="LowerLimitSpecify">off</P>
      <P Name="LowerLimitBound">-90</P>
      <P Name="LowerLimitBoundUnits">deg</P>
      <P Name="LowerLimitBound_conf">compiletime</P>
      <P Name="LowerLimitStiffness">1e4</P>
      <P Name="LowerLimitStiffnessUnits">N*m/deg</P>
      <P Name="LowerLimitStiffness_conf">compiletime</P>
      <P Name="LowerLimitDamping">10</P>
      <P Name="LowerLimitDampingUnits">N*m/(deg/s)</P>
      <P Name="LowerLimitDamping_conf">compiletime</P>
      <P Name="LowerLimitTransitionRegionWidth">0.1</P>
      <P Name="LowerLimitTransitionRegionWidthUnits">deg</P>
      <P Name="LowerLimitTransitionRegionWidth_conf">compiletime</P>
      <P Name="UpperLimitSpecify">off</P>
      <P Name="UpperLimitBound">90</P>
      <P Name="UpperLimitBoundUnits">deg</P>
      <P Name="UpperLimitBound_conf">compiletime</P>
      <P Name="UpperLimitStiffness">1e4</P>
      <P Name="UpperLimitStiffnessUnits">N*m/deg</P>
      <P Name="UpperLimitStiffness_conf">compiletime</P>
      <P Name="UpperLimitDamping">10</P>
      <P Name="UpperLimitDampingUnits">N*m/(deg/s)</P>
      <P Name="UpperLimitDamping_conf">compiletime</P>
      <P Name="UpperLimitTransitionRegionWidth">0.1</P>
      <P Name="UpperLimitTransitionRegionWidthUnits">deg</P>
      <P Name="UpperLimitTransitionRegionWidth_conf">compiletime</P>
      <P Name="PositionTargetSpecify">on</P>
      <P Name="PositionTargetPriority">High</P>
      <P Name="PositionTargetValue">0</P>
      <P Name="PositionTargetValueUnits">rad</P>
      <P Name="PositionTargetValue_conf">compiletime</P>
      <P Name="VelocityTargetSpecify">off</P>
      <P Name="VelocityTargetPriority">High</P>
      <P Name="VelocityTargetValue">1</P>
      <P Name="VelocityTargetValueUnits">rad/s</P>
      <P Name="VelocityTargetValue_conf">compiletime</P>
    </InstanceData>
  </Block>
  <Block BlockType="Reference" Name="Revolute Joint6" SID="112">
    <P Name="Ports">[0, 0, 0, 0, 0, 2, 1]</P>
    <P Name="Position">[1095, 1215, 1135, 1255]</P>
    <P Name="ZOrder">493</P>
    <P Name="LibraryVersion">7.41</P>
    <P Name="SourceBlock">sm_lib/Joints/Revolute Joint</P>
    <P Name="SourceType">Revolute Joint</P>
    <P Name="SourceProductBaseCode">MS</P>
    <InstanceData>
      <P Name="LogSimulationData">off</P>
      <P Name="JointMode">Normal</P>
      <P Name="SenseConstraintForce">off</P>
      <P Name="SenseConstraintForceX">off</P>
      <P Name="SenseConstraintForceY">off</P>
      <P Name="SenseConstraintForceZ">off</P>
      <P Name="SenseConstraintTorque">off</P>
      <P Name="SenseConstraintTorqueX">off</P>
      <P Name="SenseConstraintTorqueY">off</P>
      <P Name="SenseConstraintTorqueZ">off</P>
      <P Name="SenseTotalForce">off</P>
      <P Name="SenseTotalForceX">off</P>
      <P Name="SenseTotalForceY">off</P>
      <P Name="SenseTotalForceZ">off</P>
      <P Name="SenseTotalTorque">off</P>
      <P Name="SenseTotalTorqueX">off</P>
      <P Name="SenseTotalTorqueY">off</P>
      <P Name="SenseTotalTorqueZ">off</P>
      <P Name="CompositeWrenchDir">FollowerOnBase</P>
      <P Name="CompositeWrenchFrame">BaseFrame</P>
      <P Name="EquilibriumPosition">0</P>
      <P Name="EquilibriumPositionUnits">rad</P>
      <P Name="EquilibriumPosition_conf">compiletime</P>
      <P Name="SpringStiffness">0</P>
      <P Name="SpringStiffnessUnits">N*m/deg</P>
      <P Name="SpringStiffness_conf">compiletime</P>
      <P Name="DampingCoefficient">0</P>
      <P Name="DampingCoefficientUnits">N*m/(deg/s)</P>
      <P Name="DampingCoefficient_conf">compiletime</P>
      <P Name="TorqueActuationMode">ComputedTorque</P>
      <P Name="MotionActuationMode">InputMotion</P>
      <P Name="SensePosition">off</P>
      <P Name="SenseVelocity">off</P>
      <P Name="SenseAcceleration">off</P>
      <P Name="SenseTorqueForce">off</P>
      <P Name="SenseLowerLimitTorqueForce">off</P>
      <P Name="SenseUpperLimitTorqueForce">off</P>
      <P Name="LowerLimitSpecify">off</P>
      <P Name="LowerLimitBound">-90</P>
      <P Name="LowerLimitBoundUnits">deg</P>
      <P Name="LowerLimitBound_conf">compiletime</P>
      <P Name="LowerLimitStiffness">1e4</P>
      <P Name="LowerLimitStiffnessUnits">N*m/deg</P>
      <P Name="LowerLimitStiffness_conf">compiletime</P>
      <P Name="LowerLimitDamping">10</P>
      <P Name="LowerLimitDampingUnits">N*m/(deg/s)</P>
      <P Name="LowerLimitDamping_conf">compiletime</P>
      <P Name="LowerLimitTransitionRegionWidth">0.1</P>
      <P Name="LowerLimitTransitionRegionWidthUnits">deg</P>
      <P Name="LowerLimitTransitionRegionWidth_conf">compiletime</P>
      <P Name="UpperLimitSpecify">off</P>
      <P Name="UpperLimitBound">90</P>
      <P Name="UpperLimitBoundUnits">deg</P>
      <P Name="UpperLimitBound_conf">compiletime</P>
      <P Name="UpperLimitStiffness">1e4</P>
      <P Name="UpperLimitStiffnessUnits">N*m/deg</P>
      <P Name="UpperLimitStiffness_conf">compiletime</P>
      <P Name="UpperLimitDamping">10</P>
      <P Name="UpperLimitDampingUnits">N*m/(deg/s)</P>
      <P Name="UpperLimitDamping_conf">compiletime</P>
      <P Name="UpperLimitTransitionRegionWidth">0.1</P>
      <P Name="UpperLimitTransitionRegionWidthUnits">deg</P>
      <P Name="UpperLimitTransitionRegionWidth_conf">compiletime</P>
      <P Name="PositionTargetSpecify">on</P>
      <P Name="PositionTargetPriority">High</P>
      <P Name="PositionTargetValue">0</P>
      <P Name="PositionTargetValueUnits">rad</P>
      <P Name="PositionTargetValue_conf">compiletime</P>
      <P Name="VelocityTargetSpecify">off</P>
      <P Name="VelocityTargetPriority">High</P>
      <P Name="VelocityTargetValue">1</P>
      <P Name="VelocityTargetValueUnits">rad/s</P>
      <P Name="VelocityTargetValue_conf">compiletime</P>
    </InstanceData>
  </Block>
  <Block BlockType="SubSystem" Name="Servo Side1" SID="116">
    <P Name="Ports">[0, 0, 0, 0, 0, 1, 1]</P>
    <P Name="Position">[575, 236, 770, 454]</P>
    <P Name="ZOrder">456</P>
    <P Name="RequestExecContextInheritance">off</P>
    <P Name="ContentPreviewEnabled">on</P>
    <Mask>
      <Display>image(&apos;C:\DEV\stuartplatform\icons\solid_side.png&apos;); % Use &quot;Edit Image&quot; on toolstrip to change.</Display>
    </Mask>
    <System Ref="system_116"/>
  </Block>
  <Block BlockType="SubSystem" Name="Servo Side2" SID="121">
    <P Name="Ports">[0, 0, 0, 0, 0, 1, 1]</P>
    <P Name="Position">[615, 557, 730, 613]</P>
    <P Name="ZOrder">465</P>
    <P Name="RequestExecContextInheritance">off</P>
    <P Name="ContentPreviewEnabled">on</P>
    <System Ref="system_121"/>
  </Block>
  <Block BlockType="SubSystem" Name="Servo Side3" SID="126">
    <P Name="Ports">[0, 0, 0, 0, 0, 1, 1]</P>
    <P Name="Position">[615, 717, 730, 773]</P>
    <P Name="ZOrder">473</P>
    <P Name="RequestExecContextInheritance">off</P>
    <P Name="ContentPreviewEnabled">on</P>
    <System Ref="system_126"/>
  </Block>
  <Block BlockType="SubSystem" Name="Servo Side4" SID="131">
    <P Name="Ports">[0, 0, 0, 0, 0, 1, 1]</P>
    <P Name="Position">[605, 877, 720, 933]</P>
    <P Name="ZOrder">481</P>
    <P Name="RequestExecContextInheritance">off</P>
    <P Name="ContentPreviewEnabled">on</P>
    <System Ref="system_131"/>
  </Block>
  <Block BlockType="SubSystem" Name="Servo Side5" SID="136">
    <P Name="Ports">[0, 0, 0, 0, 0, 1, 1]</P>
    <P Name="Position">[615, 1037, 730, 1093]</P>
    <P Name="ZOrder">489</P>
    <P Name="RequestExecContextInheritance">off</P>
    <P Name="ContentPreviewEnabled">on</P>
    <System Ref="system_136"/>
  </Block>
  <Block BlockType="SubSystem" Name="Servo Side6" SID="141">
    <P Name="Ports">[0, 0, 0, 0, 0, 1, 1]</P>
    <P Name="Position">[615, 1197, 730, 1253]</P>
    <P Name="ZOrder">497</P>
    <P Name="RequestExecContextInheritance">off</P>
    <P Name="ContentPreviewEnabled">on</P>
    <System Ref="system_141"/>
  </Block>
  <Block BlockType="Reference" Name="Simulink-PS&#xA;Converter1" SID="146">
    <P Name="Ports">[1, 0, 0, 0, 0, 0, 1]</P>
    <P Name="Position">[970, 483, 1000, 517]</P>
    <P Name="ZOrder">458</P>
    <P Name="LibraryVersion">5.0</P>
    <P Name="SourceBlock">nesl_utility/Simulink-PS
Converter</P>
    <P Name="SourceType">Simulink-PS
Converter</P>
    <P Name="SourceProductBaseCode">PW,SS</P>
    <InstanceData>
      <P Name="RTWMemSecFuncInitTerm">Inherit from model</P>
      <P Name="RTWMemSecFuncExecute">Inherit from model</P>
      <P Name="RTWMemSecDataConstants">Inherit from model</P>
      <P Name="RTWMemSecDataInternal">Inherit from model</P>
      <P Name="RTWMemSecDataParameters">Inherit from model</P>
      <P Name="ContentPreviewEnabled">on</P>
      <P Name="PhysicalDomain">network_engine_domain</P>
      <P Name="SubClassName">ps_input</P>
      <P Name="LeftPortType">input</P>
      <P Name="RightPortType">output</P>
      <P Name="PseudoPeriodic">off</P>
      <P Name="Frequencies">[]</P>
      <P Name="NoiseDistribution">none</P>
      <P Name="NoiseParameters">[]</P>
      <P Name="Unit">rad</P>
      <P Name="AffineConversion">off</P>
      <P Name="FilteringAndDerivatives">filter</P>
      <P Name="SimscapeFilterOrder">2</P>
      <P Name="InputFilterTimeConstant">0.001</P>
      <P Name="UdotUserProvided">0</P>
    </InstanceData>
  </Block>
  <Block BlockType="Reference" Name="Simulink-PS&#xA;Converter2" SID="147">
    <P Name="Ports">[1, 0, 0, 0, 0, 0, 1]</P>
    <P Name="Position">[970, 653, 1000, 687]</P>
    <P Name="ZOrder">466</P>
    <P Name="LibraryVersion">5.0</P>
    <P Name="SourceBlock">nesl_utility/Simulink-PS
Converter</P>
    <P Name="SourceType">Simulink-PS
Converter</P>
    <P Name="SourceProductBaseCode">PW,SS</P>
    <InstanceData>
      <P Name="RTWMemSecFuncInitTerm">Inherit from model</P>
      <P Name="RTWMemSecFuncExecute">Inherit from model</P>
      <P Name="RTWMemSecDataConstants">Inherit from model</P>
      <P Name="RTWMemSecDataInternal">Inherit from model</P>
      <P Name="RTWMemSecDataParameters">Inherit from model</P>
      <P Name="ContentPreviewEnabled">on</P>
      <P Name="PhysicalDomain">network_engine_domain</P>
      <P Name="SubClassName">ps_input</P>
      <P Name="LeftPortType">input</P>
      <P Name="RightPortType">output</P>
      <P Name="PseudoPeriodic">off</P>
      <P Name="Frequencies">[]</P>
      <P Name="NoiseDistribution">none</P>
      <P Name="NoiseParameters">[]</P>
      <P Name="Unit">rad</P>
      <P Name="AffineConversion">off</P>
      <P Name="FilteringAndDerivatives">filter</P>
      <P Name="SimscapeFilterOrder">2</P>
      <P Name="InputFilterTimeConstant">0.001</P>
      <P Name="UdotUserProvided">0</P>
    </InstanceData>
  </Block>
  <Block BlockType="Reference" Name="Simulink-PS&#xA;Converter3" SID="148">
    <P Name="Ports">[1, 0, 0, 0, 0, 0, 1]</P>
    <P Name="Position">[970, 813, 1000, 847]</P>
    <P Name="ZOrder">474</P>
    <P Name="LibraryVersion">5.0</P>
    <P Name="SourceBlock">nesl_utility/Simulink-PS
Converter</P>
    <P Name="SourceType">Simulink-PS
Converter</P>
    <P Name="SourceProductBaseCode">PW,SS</P>
    <InstanceData>
      <P Name="RTWMemSecFuncInitTerm">Inherit from model</P>
      <P Name="RTWMemSecFuncExecute">Inherit from model</P>
      <P Name="RTWMemSecDataConstants">Inherit from model</P>
      <P Name="RTWMemSecDataInternal">Inherit from model</P>
      <P Name="RTWMemSecDataParameters">Inherit from model</P>
      <P Name="ContentPreviewEnabled">on</P>
      <P Name="PhysicalDomain">network_engine_domain</P>
      <P Name="SubClassName">ps_input</P>
      <P Name="LeftPortType">input</P>
      <P Name="RightPortType">output</P>
      <P Name="PseudoPeriodic">off</P>
      <P Name="Frequencies">[]</P>
      <P Name="NoiseDistribution">none</P>
      <P Name="NoiseParameters">[]</P>
      <P Name="Unit">rad</P>
      <P Name="AffineConversion">off</P>
      <P Name="FilteringAndDerivatives">filter</P>
      <P Name="SimscapeFilterOrder">2</P>
      <P Name="InputFilterTimeConstant">0.001</P>
      <P Name="UdotUserProvided">0</P>
    </InstanceData>
  </Block>
  <Block BlockType="Reference" Name="Simulink-PS&#xA;Converter4" SID="149">
    <P Name="Ports">[1, 0, 0, 0, 0, 0, 1]</P>
    <P Name="Position">[960, 973, 990, 1007]</P>
    <P Name="ZOrder">482</P>
    <P Name="LibraryVersion">5.0</P>
    <P Name="SourceBlock">nesl_utility/Simulink-PS
Converter</P>
    <P Name="SourceType">Simulink-PS
Converter</P>
    <P Name="SourceProductBaseCode">PW,SS</P>
    <InstanceData>
      <P Name="RTWMemSecFuncInitTerm">Inherit from model</P>
      <P Name="RTWMemSecFuncExecute">Inherit from model</P>
      <P Name="RTWMemSecDataConstants">Inherit from model</P>
      <P Name="RTWMemSecDataInternal">Inherit from model</P>
      <P Name="RTWMemSecDataParameters">Inherit from model</P>
      <P Name="ContentPreviewEnabled">on</P>
      <P Name="PhysicalDomain">network_engine_domain</P>
      <P Name="SubClassName">ps_input</P>
      <P Name="LeftPortType">input</P>
      <P Name="RightPortType">output</P>
      <P Name="PseudoPeriodic">off</P>
      <P Name="Frequencies">[]</P>
      <P Name="NoiseDistribution">none</P>
      <P Name="NoiseParameters">[]</P>
      <P Name="Unit">rad</P>
      <P Name="AffineConversion">off</P>
      <P Name="FilteringAndDerivatives">filter</P>
      <P Name="SimscapeFilterOrder">2</P>
      <P Name="InputFilterTimeConstant">0.001</P>
      <P Name="UdotUserProvided">0</P>
    </InstanceData>
  </Block>
  <Block BlockType="Reference" Name="Simulink-PS&#xA;Converter5" SID="150">
    <P Name="Ports">[1, 0, 0, 0, 0, 0, 1]</P>
    <P Name="Position">[970, 1133, 1000, 1167]</P>
    <P Name="ZOrder">490</P>
    <P Name="LibraryVersion">5.0</P>
    <P Name="SourceBlock">nesl_utility/Simulink-PS
Converter</P>
    <P Name="SourceType">Simulink-PS
Converter</P>
    <P Name="SourceProductBaseCode">PW,SS</P>
    <InstanceData>
      <P Name="RTWMemSecFuncInitTerm">Inherit from model</P>
      <P Name="RTWMemSecFuncExecute">Inherit from model</P>
      <P Name="RTWMemSecDataConstants">Inherit from model</P>
      <P Name="RTWMemSecDataInternal">Inherit from model</P>
      <P Name="RTWMemSecDataParameters">Inherit from model</P>
      <P Name="ContentPreviewEnabled">on</P>
      <P Name="PhysicalDomain">network_engine_domain</P>
      <P Name="SubClassName">ps_input</P>
      <P Name="LeftPortType">input</P>
      <P Name="RightPortType">output</P>
      <P Name="PseudoPeriodic">off</P>
      <P Name="Frequencies">[]</P>
      <P Name="NoiseDistribution">none</P>
      <P Name="NoiseParameters">[]</P>
      <P Name="Unit">rad</P>
      <P Name="AffineConversion">off</P>
      <P Name="FilteringAndDerivatives">filter</P>
      <P Name="SimscapeFilterOrder">2</P>
      <P Name="InputFilterTimeConstant">0.001</P>
      <P Name="UdotUserProvided">0</P>
    </InstanceData>
  </Block>
  <Block BlockType="Reference" Name="Simulink-PS&#xA;Converter6" SID="151">
    <P Name="Ports">[1, 0, 0, 0, 0, 0, 1]</P>
    <P Name="Position">[970, 1293, 1000, 1327]</P>
    <P Name="ZOrder">498</P>
    <P Name="LibraryVersion">5.0</P>
    <P Name="SourceBlock">nesl_utility/Simulink-PS
Converter</P>
    <P Name="SourceType">Simulink-PS
Converter</P>
    <P Name="SourceProductBaseCode">PW,SS</P>
    <InstanceData>
      <P Name="RTWMemSecFuncInitTerm">Inherit from model</P>
      <P Name="RTWMemSecFuncExecute">Inherit from model</P>
      <P Name="RTWMemSecDataConstants">Inherit from model</P>
      <P Name="RTWMemSecDataInternal">Inherit from model</P>
      <P Name="RTWMemSecDataParameters">Inherit from model</P>
      <P Name="ContentPreviewEnabled">on</P>
      <P Name="PhysicalDomain">network_engine_domain</P>
      <P Name="SubClassName">ps_input</P>
      <P Name="LeftPortType">input</P>
      <P Name="RightPortType">output</P>
      <P Name="PseudoPeriodic">off</P>
      <P Name="Frequencies">[]</P>
      <P Name="NoiseDistribution">none</P>
      <P Name="NoiseParameters">[]</P>
      <P Name="Unit">rad</P>
      <P Name="AffineConversion">off</P>
      <P Name="FilteringAndDerivatives">filter</P>
      <P Name="SimscapeFilterOrder">2</P>
      <P Name="InputFilterTimeConstant">0.001</P>
      <P Name="UdotUserProvided">0</P>
    </InstanceData>
  </Block>
  <Block BlockType="SubSystem" Name="Subsystem" SID="159">
    <P Name="Ports">[0, 0, 0, 0, 0, 6]</P>
    <P Name="Position">[2100, 308, 2300, 1287]</P>
    <P Name="ZOrder">501</P>
    <P Name="RequestExecContextInheritance">off</P>
    <P Name="ContentPreviewEnabled">on</P>
    <Mask>
      <Display>image(&apos;icons\solid_cover.png&apos;); % Use &quot;Edit Image&quot; on toolstrip to change.</Display>
    </Mask>
    <System Ref="system_159"/>
  </Block>
  <Block BlockType="SubSystem" Name="Subsystem1" SID="161">
    <P Name="Ports">[0, 0, 0, 0, 0, 1, 1]</P>
    <P Name="Position">[1855, 247, 1985, 463]</P>
    <P Name="ZOrder">505</P>
    <P Name="RequestExecContextInheritance">off</P>
    <P Name="ContentPreviewEnabled">on</P>
    <Mask>
      <Display>image(&apos;icons\solid_magnet.png&apos;); % Use &quot;Edit Image&quot; on toolstrip to change.</Display>
    </Mask>
    <System Ref="system_161"/>
  </Block>
  <Block BlockType="SubSystem" Name="Subsystem2" SID="168">
    <P Name="Ports">[0, 0, 0, 0, 0, 1, 1]</P>
    <P Name="Position">[1870, 562, 1980, 628]</P>
    <P Name="ZOrder">506</P>
    <P Name="RequestExecContextInheritance">off</P>
    <P Name="ContentPreviewEnabled">on</P>
    <System Ref="system_168"/>
  </Block>
  <Block BlockType="SubSystem" Name="Subsystem3" SID="175">
    <P Name="Ports">[0, 0, 0, 0, 0, 1, 1]</P>
    <P Name="Position">[1870, 722, 1975, 788]</P>
    <P Name="ZOrder">507</P>
    <P Name="RequestExecContextInheritance">off</P>
    <P Name="ContentPreviewEnabled">on</P>
    <System Ref="system_175"/>
  </Block>
  <Block BlockType="SubSystem" Name="Subsystem4" SID="182">
    <P Name="Ports">[0, 0, 0, 0, 0, 1, 1]</P>
    <P Name="Position">[1865, 882, 1975, 948]</P>
    <P Name="ZOrder">508</P>
    <P Name="RequestExecContextInheritance">off</P>
    <P Name="ContentPreviewEnabled">on</P>
    <System Ref="system_182"/>
  </Block>
  <Block BlockType="SubSystem" Name="Subsystem5" SID="189">
    <P Name="Ports">[0, 0, 0, 0, 0, 1, 1]</P>
    <P Name="Position">[1870, 1042, 1980, 1108]</P>
    <P Name="ZOrder">509</P>
    <P Name="RequestExecContextInheritance">off</P>
    <P Name="ContentPreviewEnabled">on</P>
    <System Ref="system_189"/>
  </Block>
  <Block BlockType="SubSystem" Name="Subsystem6" SID="196">
    <P Name="Ports">[0, 0, 0, 0, 0, 1, 1]</P>
    <P Name="Position">[1870, 1203, 1980, 1267]</P>
    <P Name="ZOrder">510</P>
    <P Name="RequestExecContextInheritance">off</P>
    <P Name="ContentPreviewEnabled">on</P>
    <System Ref="system_196"/>
  </Block>
  <Block BlockType="SubSystem" Name="Tower Pro Micro Servo1" SID="211">
    <P Name="Ports">[0, 0, 0, 0, 0, 1, 1]</P>
    <P Name="Position">[840, 235, 1025, 455]</P>
    <P Name="ZOrder">455</P>
    <P Name="RequestExecContextInheritance">off</P>
    <P Name="ContentPreviewEnabled">on</P>
    <Mask>
      <Display>image(&apos;icons\solid_motor.png&apos;); % Use &quot;Edit Image&quot; on toolstrip to change.</Display>
    </Mask>
    <System Ref="system_211"/>
  </Block>
  <Block BlockType="SubSystem" Name="Tower Pro Micro Servo2" SID="217">
    <P Name="Ports">[0, 0, 0, 0, 0, 1, 1]</P>
    <P Name="Position">[900, 556, 1010, 614]</P>
    <P Name="ZOrder">464</P>
    <P Name="RequestExecContextInheritance">off</P>
    <P Name="ContentPreviewEnabled">on</P>
    <System Ref="system_217"/>
  </Block>
  <Block BlockType="SubSystem" Name="Tower Pro Micro Servo3" SID="223">
    <P Name="Ports">[0, 0, 0, 0, 0, 1, 1]</P>
    <P Name="Position">[900, 716, 1010, 774]</P>
    <P Name="ZOrder">472</P>
    <P Name="RequestExecContextInheritance">off</P>
    <P Name="ContentPreviewEnabled">on</P>
    <System Ref="system_223"/>
  </Block>
  <Block BlockType="SubSystem" Name="Tower Pro Micro Servo4" SID="229">
    <P Name="Ports">[0, 0, 0, 0, 0, 1, 1]</P>
    <P Name="Position">[890, 876, 1000, 934]</P>
    <P Name="ZOrder">480</P>
    <P Name="RequestExecContextInheritance">off</P>
    <P Name="ContentPreviewEnabled">on</P>
    <System Ref="system_229"/>
  </Block>
  <Block BlockType="SubSystem" Name="Tower Pro Micro Servo5" SID="235">
    <P Name="Ports">[0, 0, 0, 0, 0, 1, 1]</P>
    <P Name="Position">[900, 1036, 1010, 1094]</P>
    <P Name="ZOrder">488</P>
    <P Name="RequestExecContextInheritance">off</P>
    <P Name="ContentPreviewEnabled">on</P>
    <System Ref="system_235"/>
  </Block>
  <Block BlockType="SubSystem" Name="Tower Pro Micro Servo6" SID="241">
    <P Name="Ports">[0, 0, 0, 0, 0, 1, 1]</P>
    <P Name="Position">[900, 1196, 1010, 1254]</P>
    <P Name="ZOrder">496</P>
    <P Name="RequestExecContextInheritance">off</P>
    <P Name="ContentPreviewEnabled">on</P>
    <System Ref="system_241"/>
  </Block>
  <Block BlockType="SubSystem" Name="Universal Joint1" SID="248">
    <P Name="Ports">[0, 0, 0, 0, 0, 1, 1]</P>
    <P Name="Position">[1415, 263, 1520, 447]</P>
    <P Name="ZOrder">454</P>
    <P Name="RequestExecContextInheritance">off</P>
    <P Name="ContentPreviewEnabled">on</P>
    <Mask>
      <Display>image(&apos;icons\solid_joint_universal.png&apos;); % Use &quot;Edit Image&quot; on toolstrip to change.</Display>
    </Mask>
    <System Ref="system_248"/>
  </Block>
  <Block BlockType="SubSystem" Name="Universal Joint2" SID="261">
    <P Name="Ports">[0, 0, 0, 0, 0, 1, 1]</P>
    <P Name="Position">[1425, 564, 1515, 626]</P>
    <P Name="ZOrder">463</P>
    <P Name="RequestExecContextInheritance">off</P>
    <P Name="ContentPreviewEnabled">on</P>
    <System Ref="system_261"/>
  </Block>
  <Block BlockType="SubSystem" Name="Universal Joint3" SID="274">
    <P Name="Ports">[0, 0, 0, 0, 0, 1, 1]</P>
    <P Name="Position">[1425, 724, 1515, 786]</P>
    <P Name="ZOrder">471</P>
    <P Name="RequestExecContextInheritance">off</P>
    <P Name="ContentPreviewEnabled">on</P>
    <System Ref="system_274"/>
  </Block>
  <Block BlockType="SubSystem" Name="Universal Joint4" SID="287">
    <P Name="Ports">[0, 0, 0, 0, 0, 1, 1]</P>
    <P Name="Position">[1425, 884, 1515, 946]</P>
    <P Name="ZOrder">479</P>
    <P Name="RequestExecContextInheritance">off</P>
    <P Name="ContentPreviewEnabled">on</P>
    <System Ref="system_287"/>
  </Block>
  <Block BlockType="SubSystem" Name="Universal Joint5" SID="300">
    <P Name="Ports">[0, 0, 0, 0, 0, 1, 1]</P>
    <P Name="Position">[1425, 1044, 1515, 1106]</P>
    <P Name="ZOrder">487</P>
    <P Name="RequestExecContextInheritance">off</P>
    <P Name="ContentPreviewEnabled">on</P>
    <System Ref="system_300"/>
  </Block>
  <Block BlockType="SubSystem" Name="Universal Joint6" SID="313">
    <P Name="Ports">[0, 0, 0, 0, 0, 1, 1]</P>
    <P Name="Position">[1425, 1204, 1515, 1266]</P>
    <P Name="ZOrder">495</P>
    <P Name="RequestExecContextInheritance">off</P>
    <P Name="ContentPreviewEnabled">on</P>
    <System Ref="system_313"/>
  </Block>
  <Line LineType="Connection">
    <P Name="ZOrder">33</P>
    <P Name="Src">131#rconn:1</P>
    <P Name="Dst">229#lconn:1</P>
  </Line>
  <Line>
    <P Name="ZOrder">64</P>
    <P Name="Src">56#out:3</P>
    <P Name="Points">[64, 0; 0, -665]</P>
    <P Name="Dst">148#in:1</P>
  </Line>
  <Line LineType="Connection">
    <P Name="ZOrder">15</P>
    <P Name="Src">111#lconn:2</P>
    <P Name="Points">[-27, 0; 0, 65]</P>
    <P Name="Dst">150#rconn:1</P>
  </Line>
  <Line LineType="Connection">
    <P Name="ZOrder">1</P>
    <P Name="Src">107#rconn:1</P>
    <P Name="Dst">1#lconn:1</P>
  </Line>
  <Line>
    <P Name="ZOrder">52</P>
    <P Name="Src">56#out:5</P>
    <P Name="Points">[107, 0; 0, -385]</P>
    <P Name="Dst">150#in:1</P>
  </Line>
  <Line>
    <P Name="ZOrder">215</P>
    <P Name="Src">373#out:1</P>
    <P Name="Dst">56#in:1</P>
  </Line>
  <Line LineType="Connection">
    <P Name="ZOrder">8</P>
    <P Name="Src">287#rconn:1</P>
    <P Name="Dst">86#lconn:1</P>
  </Line>
  <Line LineType="Connection">
    <P Name="ZOrder">38</P>
    <P Name="Src">112#rconn:1</P>
    <P Name="Dst">31#lconn:1</P>
  </Line>
  <Line LineType="Connection">
    <P Name="ZOrder">39</P>
    <P Name="Src">313#lconn:1</P>
    <P Name="Dst">31#rconn:1</P>
  </Line>
  <Line LineType="Connection">
    <P Name="ZOrder">27</P>
    <P Name="Src">223#rconn:1</P>
    <P Name="Dst">109#lconn:1</P>
  </Line>
  <Line LineType="Connection">
    <P Name="ZOrder">47</P>
    <P Name="Src">300#lconn:1</P>
    <P Name="Dst">25#rconn:1</P>
  </Line>
  <Line LineType="Connection">
    <P Name="ZOrder">87</P>
    <P Name="Points">[543, 765; -38, 0]</P>
    <P Name="Dst">37#rconn:1</P>
    <Branch ConnectType="SRC_DEST">
      <P Name="Points">[543, 905; 0, -140]</P>
      <Branch ConnectType="SRC_DEST">
        <P Name="Points">[543, 1065; 0, -160]</P>
        <Branch ConnectType="SRC_DEST">
          <P Name="Src">136#lconn:1</P>
          <P Name="Points">[-57, 0]</P>
        </Branch>
        <Branch ConnectType="SRC_DEST">
          <P Name="Src">141#lconn:1</P>
          <P Name="Points">[-57, 0; 0, -160]</P>
        </Branch>
      </Branch>
      <Branch ConnectType="SRC_DEST">
        <P Name="Src">131#lconn:1</P>
        <P Name="Points">[-47, 0]</P>
      </Branch>
    </Branch>
    <Branch ConnectType="SRC_SRC">
      <P Name="Points">[0, -20]</P>
      <Branch ConnectType="DEST_SRC">
        <P Name="Points">[0, -160]</P>
        <Branch ConnectType="DEST_DEST">
          <P Name="Src">121#lconn:1</P>
          <P Name="Points">[-57, 0]</P>
        </Branch>
        <Branch ConnectType="DEST_DEST">
          <P Name="Src">116#lconn:1</P>
          <P Name="Points">[-17, 0; 0, 240]</P>
        </Branch>
      </Branch>
      <Branch ConnectType="DEST_DEST">
        <P Name="Src">126#lconn:1</P>
        <P Name="Points">[-57, 0]</P>
      </Branch>
    </Branch>
  </Line>
  <Line LineType="Connection">
    <P Name="ZOrder">25</P>
    <P Name="Src">108#lconn:2</P>
    <P Name="Points">[-27, 0; 0, 65]</P>
    <P Name="Dst">147#rconn:1</P>
  </Line>
  <Line LineType="Connection">
    <P Name="ZOrder">3</P>
    <P Name="Src">287#lconn:1</P>
    <P Name="Dst">19#rconn:1</P>
  </Line>
  <Line LineType="Connection">
    <P Name="ZOrder">37</P>
    <P Name="Src">248#rconn:1</P>
    <P Name="Dst">65#lconn:1</P>
  </Line>
  <Line LineType="Connection">
    <P Name="ZOrder">13</P>
    <P Name="Src">300#rconn:1</P>
    <P Name="Dst">93#lconn:1</P>
  </Line>
  <Line LineType="Connection">
    <P Name="ZOrder">32</P>
    <P Name="Src">110#lconn:2</P>
    <P Name="Points">[-27, 0; 0, 65]</P>
    <P Name="Dst">149#rconn:1</P>
  </Line>
  <Line LineType="Connection">
    <P Name="ZOrder">41</P>
    <P Name="Src">217#rconn:1</P>
    <P Name="Dst">108#lconn:1</P>
  </Line>
  <Line LineType="Connection">
    <P Name="ZOrder">42</P>
    <P Name="Src">211#rconn:1</P>
    <P Name="Dst">107#lconn:1</P>
  </Line>
  <Line LineType="Connection">
    <P Name="ZOrder">9</P>
    <P Name="Src">261#rconn:1</P>
    <P Name="Dst">72#lconn:1</P>
  </Line>
  <Line LineType="Connection">
    <P Name="ZOrder">40</P>
    <P Name="Src">248#lconn:1</P>
    <P Name="Dst">1#rconn:1</P>
  </Line>
  <Line LineType="Connection">
    <P Name="ZOrder">10</P>
    <P Name="Src">313#rconn:1</P>
    <P Name="Dst">100#lconn:1</P>
  </Line>
  <Line LineType="Connection">
    <P Name="ZOrder">20</P>
    <P Name="Src">116#rconn:1</P>
    <P Name="Dst">211#lconn:1</P>
  </Line>
  <Line>
    <P Name="ZOrder">60</P>
    <P Name="Src">56#out:4</P>
    <P Name="Points">[86, 0; 0, -525]</P>
    <P Name="Dst">149#in:1</P>
  </Line>
  <Line LineType="Connection">
    <P Name="ZOrder">2</P>
    <P Name="Src">141#rconn:1</P>
    <P Name="Dst">241#lconn:1</P>
  </Line>
  <Line>
    <P Name="ZOrder">62</P>
    <P Name="Src">56#out:2</P>
    <P Name="Points">[43, 0; 0, -805]</P>
    <P Name="Dst">147#in:1</P>
  </Line>
  <Line LineType="Connection">
    <P Name="ZOrder">4</P>
    <P Name="Src">121#rconn:1</P>
    <P Name="Dst">217#lconn:1</P>
  </Line>
  <Line LineType="Connection">
    <P Name="ZOrder">24</P>
    <P Name="Src">241#rconn:1</P>
    <P Name="Dst">112#lconn:1</P>
  </Line>
  <Line LineType="Connection">
    <P Name="ZOrder">26</P>
    <P Name="Src">107#lconn:2</P>
    <P Name="Points">[-14, 0; 0, 135]</P>
    <P Name="Dst">146#rconn:1</P>
  </Line>
  <Line LineType="Connection">
    <P Name="ZOrder">28</P>
    <P Name="Src">109#rconn:1</P>
    <P Name="Dst">13#lconn:1</P>
  </Line>
  <Line LineType="Connection">
    <P Name="ZOrder">16</P>
    <P Name="Src">126#rconn:1</P>
    <P Name="Dst">223#lconn:1</P>
  </Line>
  <Line LineType="Connection">
    <P Name="ZOrder">30</P>
    <P Name="Src">110#rconn:1</P>
    <P Name="Dst">19#lconn:1</P>
  </Line>
  <Line LineType="Connection">
    <P Name="ZOrder">22</P>
    <P Name="Src">274#lconn:1</P>
    <P Name="Dst">13#rconn:1</P>
  </Line>
  <Line LineType="Connection">
    <P Name="ZOrder">7</P>
    <P Name="Src">235#rconn:1</P>
    <P Name="Dst">111#lconn:1</P>
  </Line>
  <Line>
    <P Name="ZOrder">61</P>
    <P Name="Src">56#out:1</P>
    <P Name="Points">[21, 0; 0, -955]</P>
    <P Name="Dst">146#in:1</P>
  </Line>
  <Line LineType="Connection">
    <P Name="ZOrder">5</P>
    <P Name="Src">261#lconn:1</P>
    <P Name="Dst">7#rconn:1</P>
  </Line>
  <Line LineType="Connection">
    <P Name="ZOrder">46</P>
    <P Name="Src">108#rconn:1</P>
    <P Name="Dst">7#lconn:1</P>
  </Line>
  <Line LineType="Connection">
    <P Name="ZOrder">12</P>
    <P Name="Src">136#rconn:1</P>
    <P Name="Dst">235#lconn:1</P>
  </Line>
  <Line LineType="Connection">
    <P Name="ZOrder">34</P>
    <P Name="Src">274#rconn:1</P>
    <P Name="Dst">79#lconn:1</P>
  </Line>
  <Line>
    <P Name="ZOrder">67</P>
    <P Name="Src">56#out:6</P>
    <P Name="Points">[129, 0; 0, -245]</P>
    <P Name="Dst">151#in:1</P>
  </Line>
  <Line LineType="Connection">
    <P Name="ZOrder">14</P>
    <P Name="Src">112#lconn:2</P>
    <P Name="Points">[-27, 0; 0, 65]</P>
    <P Name="Dst">151#rconn:1</P>
  </Line>
  <Line LineType="Connection">
    <P Name="ZOrder">43</P>
    <P Name="Src">109#lconn:2</P>
    <P Name="Points">[-27, 0; 0, 65]</P>
    <P Name="Dst">148#rconn:1</P>
  </Line>
  <Line LineType="Connection">
    <P Name="ZOrder">18</P>
    <P Name="Src">229#rconn:1</P>
    <P Name="Dst">110#lconn:1</P>
  </Line>
  <Line LineType="Connection">
    <P Name="ZOrder">35</P>
    <P Name="Src">111#rconn:1</P>
    <P Name="Dst">25#lconn:1</P>
  </Line>
  <Line LineType="Connection">
    <P Name="ZOrder">234</P>
    <P Name="Src">196#lconn:1</P>
    <P Name="Dst">100#rconn:1</P>
  </Line>
  <Line LineType="Connection">
    <P Name="ZOrder">235</P>
    <P Name="Src">196#rconn:1</P>
    <P Name="Points">[72, 0; 0, -25]</P>
    <P Name="Dst">159#lconn:6</P>
  </Line>
  <Line LineType="Connection">
    <P Name="ZOrder">236</P>
    <P Name="Src">189#lconn:1</P>
    <P Name="Dst">93#rconn:1</P>
  </Line>
  <Line LineType="Connection">
    <P Name="ZOrder">237</P>
    <P Name="Src">189#rconn:1</P>
    <P Name="Points">[60, 0; 0, -30]</P>
    <P Name="Dst">159#lconn:5</P>
  </Line>
  <Line LineType="Connection">
    <P Name="ZOrder">238</P>
    <P Name="Src">86#rconn:1</P>
    <P Name="Dst">182#lconn:1</P>
  </Line>
  <Line LineType="Connection">
    <P Name="ZOrder">239</P>
    <P Name="Src">182#rconn:1</P>
    <P Name="Points">[53, 0; 0, -35]</P>
    <P Name="Dst">159#lconn:4</P>
  </Line>
  <Line LineType="Connection">
    <P Name="ZOrder">240</P>
    <P Name="Src">175#lconn:1</P>
    <P Name="Dst">79#rconn:1</P>
  </Line>
  <Line LineType="Connection">
    <P Name="ZOrder">241</P>
    <P Name="Src">175#rconn:1</P>
    <P Name="Points">[40, 0; 0, -40]</P>
    <P Name="Dst">159#lconn:3</P>
  </Line>
  <Line LineType="Connection">
    <P Name="ZOrder">242</P>
    <P Name="Src">168#lconn:1</P>
    <P Name="Dst">72#rconn:1</P>
  </Line>
  <Line LineType="Connection">
    <P Name="ZOrder">243</P>
    <P Name="Src">168#rconn:1</P>
    <P Name="Points">[23, 0; 0, -45]</P>
    <P Name="Dst">159#lconn:2</P>
  </Line>
  <Line LineType="Connection">
    <P Name="ZOrder">244</P>
    <P Name="Src">161#lconn:1</P>
    <P Name="Dst">65#rconn:1</P>
  </Line>
  <Line LineType="Connection">
    <P Name="ZOrder">245</P>
    <P Name="Src">161#rconn:1</P>
    <P Name="Points">[43, 0; 0, 30]</P>
    <P Name="Dst">159#lconn:1</P>
  </Line>
</System>
