<?xml version="1.0" encoding="utf-8"?>
<System>
  <P Name="Location">[223, 338, 826, 833]</P>
  <P Name="SystemRect">[0.000000, 0.000000, 0.000000, 0.000000]</P>
  <P Name="SetExecutionDomain">off</P>
  <P Name="ExecutionDomainType">Deduce</P>
  <P Name="SIDHighWatermark">34</P>
  <P Name="SimulinkSubDomain">Simulink</P>
  <Block BlockType="Inport" Name="X" SID="113::1">
    <P Name="Position">[20, 101, 40, 119]</P>
    <P Name="ZOrder">-1</P>
  </Block>
  <Block BlockType="Inport" Name="Y" SID="113::22">
    <P Name="Position">[20, 136, 40, 154]</P>
    <P Name="ZOrder">13</P>
    <P Name="Port">2</P>
  </Block>
  <Block BlockType="Inport" Name="Z" SID="113::23">
    <P Name="Position">[20, 171, 40, 189]</P>
    <P Name="ZOrder">14</P>
    <P Name="Port">3</P>
  </Block>
  <Block BlockType="Inport" Name="roll" SID="113::31">
    <P Name="Position">[20, 206, 40, 224]</P>
    <P Name="ZOrder">21</P>
    <P Name="Port">4</P>
  </Block>
  <Block BlockType="Inport" Name="pitch" SID="113::32">
    <P Name="Position">[20, 246, 40, 264]</P>
    <P Name="ZOrder">22</P>
    <P Name="Port">5</P>
  </Block>
  <Block BlockType="Inport" Name="yaw" SID="113::33">
    <P Name="Position">[20, 281, 40, 299]</P>
    <P Name="ZOrder">23</P>
    <P Name="Port">6</P>
  </Block>
  <Block BlockType="Demux" Name=" Demux " SID="113::29">
    <P Name="Ports">[1, 1]</P>
    <P Name="Position">[270, 230, 320, 270]</P>
    <P Name="ZOrder">19</P>
    <P Name="Outputs">1</P>
  </Block>
  <Block BlockType="S-Function" Name=" SFunction " SID="113::28">
    <P Name="Tag">Stateflow S-Function 1</P>
    <P Name="Ports">[6, 2]</P>
    <P Name="Position">[180, 107, 230, 248]</P>
    <P Name="ZOrder">18</P>
    <P Name="FunctionName">sf_sfun</P>
    <P Name="PortCounts">[6 2]</P>
    <P Name="SFunctionDeploymentMode">off</P>
    <P Name="EnableBusSupport">on</P>
    <P Name="SFcnIsStateOwnerBlock">off</P>
    <Port>
      <P Name="PortNumber">2</P>
      <P Name="Name">y</P>
    </Port>
  </Block>
  <Block BlockType="Terminator" Name=" Terminator " SID="113::30">
    <P Name="Position">[460, 241, 480, 259]</P>
    <P Name="ZOrder">20</P>
  </Block>
  <Block BlockType="Outport" Name="y" SID="113::5">
    <P Name="Position">[460, 101, 480, 119]</P>
    <P Name="ZOrder">-5</P>
    <P Name="VectorParamsAs1DForOutWhenUnconnected">off</P>
  </Block>
  <Line>
    <P Name="ZOrder">82</P>
    <P Name="Src">113::1#out:1</P>
    <P Name="Dst">113::28#in:1</P>
  </Line>
  <Line>
    <P Name="ZOrder">83</P>
    <P Name="Src">113::22#out:1</P>
    <P Name="Dst">113::28#in:2</P>
  </Line>
  <Line>
    <P Name="ZOrder">84</P>
    <P Name="Src">113::23#out:1</P>
    <P Name="Dst">113::28#in:3</P>
  </Line>
  <Line>
    <P Name="ZOrder">85</P>
    <P Name="Src">113::31#out:1</P>
    <P Name="Dst">113::28#in:4</P>
  </Line>
  <Line>
    <P Name="ZOrder">86</P>
    <P Name="Src">113::32#out:1</P>
    <P Name="Dst">113::28#in:5</P>
  </Line>
  <Line>
    <P Name="ZOrder">87</P>
    <P Name="Src">113::33#out:1</P>
    <P Name="Dst">113::28#in:6</P>
  </Line>
  <Line>
    <P Name="Name">y</P>
    <P Name="ZOrder">88</P>
    <P Name="Labels">[0, 0]</P>
    <P Name="Src">113::28#out:2</P>
    <P Name="Dst">113::5#in:1</P>
  </Line>
  <Line>
    <P Name="ZOrder">89</P>
    <P Name="Src">113::29#out:1</P>
    <P Name="Dst">113::30#in:1</P>
  </Line>
  <Line>
    <P Name="ZOrder">90</P>
    <P Name="Src">113::28#out:1</P>
    <P Name="Dst">113::29#in:1</P>
  </Line>
</System>
