<?xml version="1.0" encoding="utf-8"?>
<chart id="14">
  <P Name="name">Inverse Kinematics Solver/Robokit StPlatform Angles Changes</P>
  <P Name="windowPosition">[422 539.941 189 413]</P>
  <P Name="viewLimits">[0 156.75 0 153.75]</P>
  <P Name="screen">[1 1 3600 1200 1.180555555555556]</P>
  <P Name="viewObj">14</P>
  <P Name="visible">1</P>
  <subviewS/>
  <P Name="ssIdHighWaterMark">12</P>
  <P Name="decomposition">CLUSTER_CHART</P>
  <P Name="type">EML_CHART</P>
  <P Name="chartFileNumber">1</P>
  <P Name="disableImplicitCasting">1</P>
  <eml>
    <P Name="name">fcn</P>
  </eml>
  <Children>
    <state SSID="1">
      <P Name="labelString">eML_blk_kernel()</P>
      <P Name="position">[18 64.5 118 66]</P>
      <P Name="fontSize">12</P>
      <P Name="superState">SUBCHART</P>
      <P Name="subviewer">14</P>
      <P Name="type">FUNC_STATE</P>
      <P Name="decomposition">CLUSTER_STATE</P>
      <eml>
        <P Name="isEML">1</P>
        <P Name="script">function y = fcn(X,Y,Z,roll,pitch,yaw)

%platform angle
beta=15;
%servo angle
alpha=10;
%platform dimension
PD=10;
%base dimensions
BD=15;
%servoarm length;
sl=3;
%offset angle
of_ang=[pi/6 pi/6 -pi/2 -pi/2 pi/6 pi/6];
%angle at which servo arm lies 
theta_s=[180 -120 60 120 -60  0];
%totalangle
tot_angle_base=zeros(1,6);
tot_angle_base(1)=of_ang(1)+deg2rad(alpha);
tot_angle_base(2)=of_ang(2)-deg2rad(alpha);
tot_angle_base(3)=of_ang(3)+deg2rad(alpha);
tot_angle_base(4)=of_ang(4)+deg2rad(alpha);
tot_angle_base(5)=of_ang(5)-deg2rad(alpha);
tot_angle_base(6)=of_ang(6)+deg2rad(alpha);

%connecting arm length
leg=12;
%z_home= default height
h0=10;
%input parameters

%translation vector T
T=[X Y Z];
%Calculate base coordinates
xb=zeros(1,6);
yb=zeros(1,6);
zb=zeros(1,6);
tot_angle_pf=zeros(1,6);
xp=zeros(1,6);
yp=zeros(1,6);
zp=zeros(1,6);
xa=zeros(1,6);
ya=zeros(1,6);
za=zeros(1,6);
del_x=zeros(1,6);
del_y=zeros(1,6);
del_z=zeros(1,6);
piston_length=zeros(1,6);
L=zeros(1,6);
M=zeros(1,6);
N=zeros(1,6);
servo_angle=zeros(1,6);
xs=zeros(1,6);
ys=zeros(1,6);
zs=zeros(1,6);

for i=1:3
    xb(i)=BD*cos(tot_angle_base(i));
    yb(i)=BD*sin(tot_angle_base(i));
    zb(i)=0;
end
for i=4:6
    xb(i)=-BD*cos(tot_angle_base(i));
    yb(i)=BD*sin(tot_angle_base(i));
    zb(i)=0;
end
%Calculate Platform coordinates wrt platform frame
tot_angle_pf(1)=of_ang(1)+deg2rad(beta);
tot_angle_pf(2)=of_ang(2)-deg2rad(beta);
tot_angle_pf(3)=of_ang(3)+deg2rad(beta);
tot_angle_pf(4)=of_ang(4)+deg2rad(beta);
tot_angle_pf(5)=of_ang(5)-deg2rad(beta);
tot_angle_pf(6)=of_ang(6)+deg2rad(beta);

for i=1:3
    
    xp(i)=PD*cos(tot_angle_pf(i));
    yp(i)=PD*sin(tot_angle_pf(i));
    zp(i)=h0;
end
for i=4:6
    
    xp(i)=-PD*cos(tot_angle_pf(i));
    yp(i)=PD*sin(tot_angle_pf(i));
    zp(i)=h0;
end
%Calculate platform coordinates wrt base frame

for i=1:6
    xa(i)=xp(i)*cos(roll)*cos(yaw)+yp(i)*(sin(pitch)*sin(roll)*cos(roll)-cos(pitch)*sin(yaw))+T(1);
    ya(i)=xp(i)*cos(roll)*sin(yaw)+yp(i)*(cos(pitch)*cos(yaw)+sin(pitch)*sin(roll)*sin(yaw))+T(2);
    za(i)=-1*xp(i)*sin(roll)+yp(i)*sin(pitch)*cos(roll)+h0+T(3);
end
%calculating delta L
for i=1:6
    del_x(i)=xb(i)-xa(i);
    del_y(i)=yb(i)-ya(i);
    del_z(i)=zb(i)-za(i);
    piston_length(i)=sqrt(del_x(i)*del_x(i)+del_y(i)^2+del_z(i)^2);

end

for i=1:6
    L(i)=(piston_length(i)^2)-(leg^2-sl^2);
    M(i)=2*sl*(za(i)-zb(i));
    N(i)=2*sl*(cos(deg2rad(theta_s(i)))*(xa(i)-xb(i))+sin(deg2rad(theta_s(i)))*(ya(i)-yb(i)));
    servo_angle(i)= asin(L(i)/(sqrt(M(i)*M(i)+N(i)*N(i))))-atan(N(i)/M(i));
end
%calculate coordinates of servo motor leg coordinate
for i=1:6
    xs(i)=sl*cos(-servo_angle(i))*cos(deg2rad(theta_s(i)))+xb(i);
    ys(i)=sl*cos(-servo_angle(i))*sin(deg2rad(theta_s(i)))+yb(i);
    zs(i)=-sl*sin(-servo_angle(i));
end

y = (servo_angle)&apos;;



</P>
        <P Name="vectorOutputs1D">1</P>
      </eml>
    </state>
    <data SSID="4" name="X">
      <P Name="scope">INPUT_DATA</P>
      <props>
        <array>
          <P Name="size">-1</P>
        </array>
        <type>
          <P Name="method">SF_INHERITED_TYPE</P>
          <P Name="primitive">SF_DOUBLE_TYPE</P>
        </type>
        <P Name="complexity">SF_COMPLEX_INHERITED</P>
        <unit>
          <P Name="name">inherit</P>
        </unit>
      </props>
      <P Name="dataType">Inherit: Same as Simulink</P>
    </data>
    <data SSID="5" name="y">
      <P Name="scope">OUTPUT_DATA</P>
      <props>
        <array>
          <P Name="size">-1</P>
        </array>
        <type>
          <P Name="method">SF_INHERITED_TYPE</P>
          <P Name="primitive">SF_DOUBLE_TYPE</P>
        </type>
        <P Name="complexity">SF_COMPLEX_INHERITED</P>
        <P Name="frame">SF_FRAME_NO</P>
        <unit>
          <P Name="name">inherit</P>
        </unit>
      </props>
      <P Name="dataType">Inherit: Same as Simulink</P>
    </data>
    <data SSID="6" name="Y">
      <P Name="scope">INPUT_DATA</P>
      <props>
        <array>
          <P Name="size">-1</P>
        </array>
        <type>
          <P Name="method">SF_INHERITED_TYPE</P>
          <P Name="primitive">SF_DOUBLE_TYPE</P>
          <P Name="isSigned">1</P>
          <P Name="wordLength">16</P>
        </type>
        <P Name="complexity">SF_COMPLEX_INHERITED</P>
        <P Name="frame">SF_FRAME_INHERITED</P>
        <unit>
          <P Name="name">inherit</P>
        </unit>
      </props>
      <P Name="dataType">Inherit: Same as Simulink</P>
    </data>
    <data SSID="7" name="Z">
      <P Name="scope">INPUT_DATA</P>
      <props>
        <array>
          <P Name="size">-1</P>
        </array>
        <type>
          <P Name="method">SF_INHERITED_TYPE</P>
          <P Name="primitive">SF_DOUBLE_TYPE</P>
          <P Name="isSigned">1</P>
          <P Name="wordLength">16</P>
        </type>
        <P Name="complexity">SF_COMPLEX_INHERITED</P>
        <P Name="frame">SF_FRAME_INHERITED</P>
        <unit>
          <P Name="name">inherit</P>
        </unit>
      </props>
      <P Name="dataType">Inherit: Same as Simulink</P>
    </data>
    <data SSID="9" name="roll">
      <P Name="scope">INPUT_DATA</P>
      <props>
        <array>
          <P Name="size">-1</P>
        </array>
        <type>
          <P Name="method">SF_INHERITED_TYPE</P>
          <P Name="primitive">SF_DOUBLE_TYPE</P>
          <P Name="isSigned">1</P>
          <P Name="wordLength">16</P>
        </type>
        <P Name="complexity">SF_COMPLEX_INHERITED</P>
        <P Name="frame">SF_FRAME_INHERITED</P>
        <unit>
          <P Name="name">inherit</P>
        </unit>
      </props>
      <P Name="dataType">Inherit: Same as Simulink</P>
    </data>
    <data SSID="10" name="pitch">
      <P Name="scope">INPUT_DATA</P>
      <props>
        <array>
          <P Name="size">-1</P>
        </array>
        <type>
          <P Name="method">SF_INHERITED_TYPE</P>
          <P Name="primitive">SF_DOUBLE_TYPE</P>
          <P Name="isSigned">1</P>
          <P Name="wordLength">16</P>
        </type>
        <P Name="complexity">SF_COMPLEX_INHERITED</P>
        <P Name="frame">SF_FRAME_INHERITED</P>
        <unit>
          <P Name="name">inherit</P>
        </unit>
      </props>
      <P Name="dataType">Inherit: Same as Simulink</P>
    </data>
    <data SSID="11" name="yaw">
      <P Name="scope">INPUT_DATA</P>
      <props>
        <array>
          <P Name="size">-1</P>
        </array>
        <type>
          <P Name="method">SF_INHERITED_TYPE</P>
          <P Name="primitive">SF_DOUBLE_TYPE</P>
          <P Name="isSigned">1</P>
          <P Name="wordLength">16</P>
        </type>
        <P Name="complexity">SF_COMPLEX_INHERITED</P>
        <P Name="frame">SF_FRAME_INHERITED</P>
        <unit>
          <P Name="name">inherit</P>
        </unit>
      </props>
      <P Name="dataType">Inherit: Same as Simulink</P>
    </data>
    <transition SSID="2">
      <P Name="labelString">{eML_blk_kernel();}</P>
      <P Name="labelPosition">[28.125 13.875 102.544 14.964]</P>
      <P Name="fontSize">12</P>
      <src>
        <P Name="intersection">[0 0 1 0 23.5747 14.625 0 0]</P>
      </src>
      <dst>
        <P Name="SSID">3</P>
        <P Name="intersection">[1 0 -1 0 23.5747 42.5747 0 0]</P>
      </dst>
      <P Name="midPoint">[23.5747 24.9468]</P>
      <P Name="dataLimits">[21.175 25.975 14.625 42.575]</P>
      <P Name="subviewer">14</P>
      <P Name="drawStyle">SMART</P>
      <slide>
        <P Name="sticky">BOTH_STICK</P>
      </slide>
      <P Name="executionOrder">1</P>
    </transition>
    <junction SSID="3">
      <P Name="position">[23.5747 49.5747 7]</P>
      <P Name="subviewer">14</P>
      <P Name="type">CONNECTIVE_JUNCTION</P>
    </junction>
  </Children>
</chart>
