<?xml version="1.0" encoding="utf-8"?>
<Stateflow>
  <machine id="13">
    <P Name="sfVersion">80000046</P>
    <Children>
      <data id="26" name="data">
        <P Name="scope">LOCAL_DATA</P>
        <props>
          <type>
            <P Name="primitive">SF_DOUBLE_TYPE</P>
            <P Name="isSigned">1</P>
            <P Name="wordLength">16</P>
          </type>
          <unit>
            <P Name="name">inherit</P>
          </unit>
        </props>
        <P Name="dataType">double</P>
      </data>
      <target id="27" name="sfun">
        <P Name="description">Default Simulink S-Function Target.</P>
      </target>
      <chart Ref="chart_14"/>
    </Children>
  </machine>
  <instance id="25">
    <P Name="machine">13</P>
    <P Name="name">Inverse Kinematics Solver/Robokit StPlatform Angles Changes</P>
    <P Name="chart">14</P>
  </instance>
</Stateflow>
